{
  "accuracy": [
    0.49360421299934387,
    0.5778781175613403,
    0.6119889616966248,
    0.6297968626022339,
    0.6375721096992493,
    0.7035365104675293,
    0.7220968008041382,
    0.7353900074958801,
    0.7544519901275635,
    0.7662402987480164,
    0.7717581987380981,
    0.7842989563941956,
    0.7780286073684692,
    0.8006019592285156,
    0.7943315505981445,
    0.8206671476364136,
    0.8136443495750427,
    0.8136443495750427,
    0.8294457197189331,
    0.8011035919189453,
    0.8136443495750427,
    0.813142716884613,
    0.816403329372406,
    0.8377225995063782,
    0.8389766812324524,
    0.8319538235664368,
    0.8357160687446594,
    0.8542764186859131,
    0.8520190715789795,
    0.8575369715690613,
    0.8470027446746826,
    0.8562828898429871
  ],
  "loss": [
    1.226293921470642,
    1.0286250114440918,
    0.9472433924674988,
    0.9013799428939819,
    0.891315758228302,
    0.7876070737838745,
    0.7199214100837708,
    0.6946676969528198,
    0.6402182579040527,
    0.614103376865387,
    0.5871797204017639,
    0.5732168555259705,
    0.5694769620895386,
    0.5293459296226501,
    0.5343262553215027,
    0.48575690388679504,
    0.4859045147895813,
    0.5002694129943848,
    0.46288520097732544,
    0.5133863687515259,
    0.49771565198898315,
    0.48420920968055725,
    0.46528083086013794,
    0.4441079795360565,
    0.422362744808197,
    0.45834967494010925,
    0.44014808535575867,
    0.39830490946769714,
    0.39070752263069153,
    0.3965052664279938,
    0.39609643816947937,
    0.3801485300064087
  ],
  "val_accuracy": [
    0.46793586015701294,
    0.6132264733314514,
    0.5531061887741089,
    0.625250518321991,
    0.6643286347389221,
    0.7214428782463074,
    0.6853707432746887,
    0.7044088244438171,
    0.703406810760498,
    0.7765530943870544,
    0.7494990229606628,
    0.7054108381271362,
    0.7494990229606628,
    0.7785571217536926,
    0.7765530943870544,
    0.7705410718917847,
    0.7865731716156006,
    0.7595190405845642,
    0.8016031980514526,
    0.7645290493965149,
    0.797595202922821,
    0.7815631031990051,
    0.7995991706848145,
    0.797595202922821,
    0.796593189239502,
    0.7484970092773438,
    0.788577139377594,
    0.797595202922821,
    0.7895791530609131,
    0.8056111931800842,
    0.7875751256942749,
    0.8086172342300415
  ],
  "val_loss": [
    1.1629326343536377,
    0.9173485636711121,
    1.017850637435913,
    0.9084157347679138,
    0.7879133224487305,
    0.7239595055580139,
    0.7621580362319946,
    0.7125445604324341,
    0.7126244902610779,
    0.5853297710418701,
    0.6472370028495789,
    0.7113644480705261,
    0.6771203279495239,
    0.5933502316474915,
    0.5778548121452332,
    0.6163960695266724,
    0.588056743144989,
    0.6046846508979797,
    0.5546628832817078,
    0.5984072685241699,
    0.5726503729820251,
    0.554241955280304,
    0.538794994354248,
    0.5198222398757935,
    0.5581801533699036,
    0.7052205204963684,
    0.5773953199386597,
    0.568893313407898,
    0.5899102091789246,
    0.5581391453742981,
    0.5741533637046814,
    0.5360352396965027
  ]
}